site_id,hour,events_count,total_hours,total_kwh
AGR_PEAK_POWER_LTD_FDG_F_04_CHEAR_FARM_BURWELL,0,11,43.630833333333335,627950.8760535684
AGR_PEAK_POWER_LTD_FDG_F_04_CHEAR_FARM_BURWELL,1,5,15.911695555555555,228125.74836856418
AGR_PEAK_POWER_LTD_FDG_F_04_CHEAR_FARM_BURWELL,2,9,21.78194444444444,307686.6509838189
AGR_PEAK_POWER_LTD_FDG_F_04_CHEAR_FARM_BURWELL,3,6,20.298333333333332,288537.7377275594
AGR_PEAK_POWER_LTD_FDG_F_04_CHEAR_FARM_BURWELL,4,3,6.208333333333334,81598.19856825087
AGR_PEAK_POWER_LTD_FDG_F_04_CHEAR_FARM_BURWELL,5,2,0.42388888888888887,3332.9304536268446
AGR_PEAK_POWER_LTD_FDG_F_04_CHEAR_FARM_BURWELL,6,3,0.255,3708.4444444444443
AGR_PEAK_POWER_LTD_FDG_F_04_CHEAR_FARM_BURWELL,7,2,1.3272222222222223,14122.712615220811
AGR_PEAK_POWER_LTD_FDG_F_04_CHEAR_FARM_BURWELL,8,9,6.801111111111111,85989.12620273166
AGR_PEAK_POWER_LTD_FDG_F_04_CHEAR_FARM_BURWELL,9,12,11.04112,147616.54622412787
AGR_PEAK_POWER_LTD_FDG_F_04_CHEAR_FARM_BURWELL,10,9,15.196666666666665,208590.98092444523
AGR_PEAK_POWER_LTD_FDG_F_04_CHEAR_FARM_BURWELL,11,5,3.0549999999999997,42823.34066223144
AGR_PEAK_POWER_LTD_FDG_F_04_CHEAR_FARM_BURWELL,12,9,8.823807222222223,117099.55665303548
AGR_PEAK_POWER_LTD_FDG_F_04_CHEAR_FARM_BURWELL,13,14,7.335394444444445,84171.07608595106
AGR_PEAK_POWER_LTD_FDG_F_04_CHEAR_FARM_BURWELL,14,4,3.3208333333333333,43511.70666737875
AGR_PEAK_POWER_LTD_FDG_F_04_CHEAR_FARM_BURWELL,15,10,47.2025,681745.9939135064
AGR_PEAK_POWER_LTD_FDG_F_04_CHEAR_FARM_BURWELL,16,4,1.8552777777777778,19710.56454284668
AGR_PEAK_POWER_LTD_FDG_F_04_CHEAR_FARM_BURWELL,17,14,5.405555555555556,66416.29034135607
AGR_PEAK_POWER_LTD_FDG_F_04_CHEAR_FARM_BURWELL,18,6,4.278333333333333,51743.503869967986
AGR_PEAK_POWER_LTD_FDG_F_04_CHEAR_FARM_BURWELL,19,5,13.971388888888889,202978.6020216539
AGR_PEAK_POWER_LTD_FDG_F_04_CHEAR_FARM_BURWELL,20,4,30.396111111111107,452813.61111111107
AGR_PEAK_POWER_LTD_FDG_F_04_CHEAR_FARM_BURWELL,21,3,3.477222222222222,46573.62802920871
AGR_PEAK_POWER_LTD_FDG_F_04_CHEAR_FARM_BURWELL,22,9,23.450277777777778,335896.75424391
AGR_PEAK_POWER_LTD_FDG_F_04_CHEAR_FARM_BURWELL,23,9,40.18972222222222,585248.6002472263
ANESCO_LTD_ANM_N_A_WILSTEAD_ROAD_SUNDON,0,3,74.3411111111111,1486.822222222222
ANESCO_LTD_ANM_N_A_WILSTEAD_ROAD_SUNDON,1,3,38.5125,53252.58333333333
ANESCO_LTD_ANM_N_A_WILSTEAD_ROAD_SUNDON,2,4,42.63492888888889,71336.51666666666
ANESCO_LTD_ANM_N_A_WILSTEAD_ROAD_SUNDON,3,2,10.75082611111111,36423.444444444445
ANESCO_LTD_ANM_N_A_WILSTEAD_ROAD_SUNDON,4,2,5.763333333333334,19589.666666666668
ANESCO_LTD_ANM_N_A_WILSTEAD_ROAD_SUNDON,5,2,3.662222222222222,11823.5
ANESCO_LTD_ANM_N_A_WILSTEAD_ROAD_SUNDON,6,3,4.788055555555555,16127.333333333332
ANESCO_LTD_ANM_N_A_WILSTEAD_ROAD_SUNDON,8,4,0.675,1253.2777777777778
ANESCO_LTD_ANM_N_A_WILSTEAD_ROAD_SUNDON,9,3,0.785,2652.0
ANESCO_LTD_ANM_N_A_WILSTEAD_ROAD_SUNDON,10,2,2.1527777777777777,7231.611111111111
ANESCO_LTD_ANM_N_A_WILSTEAD_ROAD_SUNDON,11,2,1.2686111111111111,4208.444444444444
ANESCO_LTD_ANM_N_A_WILSTEAD_ROAD_SUNDON,13,1,0.5822222222222222,1437.4444444444446
ANESCO_LTD_ANM_N_A_WILSTEAD_ROAD_SUNDON,14,2,0.30333333333333334,630.8888888888889
ANESCO_LTD_ANM_N_A_WILSTEAD_ROAD_SUNDON,15,1,0.34694444444444444,774.4444444444445
ANESCO_LTD_ANM_N_A_WILSTEAD_ROAD_SUNDON,16,2,1452.1997222222221,226378.25555555554
ANESCO_LTD_ANM_N_A_WILSTEAD_ROAD_SUNDON,17,2,29.587222222222223,100503.05555555556
ANESCO_LTD_ANM_N_A_WILSTEAD_ROAD_SUNDON,18,2,17.370277777777776,58222.166666666664
ANESCO_LTD_ANM_N_A_WILSTEAD_ROAD_SUNDON,20,2,22.956944444444446,77476.55555555556
ANESCO_LTD_ANM_N_A_WILSTEAD_ROAD_SUNDON,21,1,10.052222222222222,33633.555555555555
ANESCO_LTD_ANM_N_A_WILSTEAD_ROAD_SUNDON,22,2,20.050833333333333,68167.16666666666
ANESCO_LTD_ANM_N_A_WILSTEAD_ROAD_SUNDON,23,3,26.318055555555553,87597.22222222222
ANGLIAN_WATER_SERVICES_LTD_FLAG_FEN_SEWAGE_TREATMENT_WORKS_WALPOLE,0,82,3315.0765944444447,19320494.174309272
ANGLIAN_WATER_SERVICES_LTD_FLAG_FEN_SEWAGE_TREATMENT_WORKS_WALPOLE,1,54,264.1311111111111,886645.2349221632
ANGLIAN_WATER_SERVICES_LTD_FLAG_FEN_SEWAGE_TREATMENT_WORKS_WALPOLE,2,60,418.5622222222222,1102580.0486351924
ANGLIAN_WATER_SERVICES_LTD_FLAG_FEN_SEWAGE_TREATMENT_WORKS_WALPOLE,3,46,414.89,2158824.9161551837
ANGLIAN_WATER_SERVICES_LTD_FLAG_FEN_SEWAGE_TREATMENT_WORKS_WALPOLE,4,56,357.47222222222223,1781178.7044556555
ANGLIAN_WATER_SERVICES_LTD_FLAG_FEN_SEWAGE_TREATMENT_WORKS_WALPOLE,5,58,475.92,2822319.0124985822
ANGLIAN_WATER_SERVICES_LTD_FLAG_FEN_SEWAGE_TREATMENT_WORKS_WALPOLE,6,56,980.1511111111112,3496010.9891494326
ANGLIAN_WATER_SERVICES_LTD_FLAG_FEN_SEWAGE_TREATMENT_WORKS_WALPOLE,7,78,548.38791,3208571.3832443748
ANGLIAN_WATER_SERVICES_LTD_FLAG_FEN_SEWAGE_TREATMENT_WORKS_WALPOLE,8,169,1295.469838888889,7198750.29749957
ANGLIAN_WATER_SERVICES_LTD_FLAG_FEN_SEWAGE_TREATMENT_WORKS_WALPOLE,9,304,1948.9104477777778,5694821.469761401
ANGLIAN_WATER_SERVICES_LTD_FLAG_FEN_SEWAGE_TREATMENT_WORKS_WALPOLE,10,551,1708.5010466666668,7109714.119814986
ANGLIAN_WATER_SERVICES_LTD_FLAG_FEN_SEWAGE_TREATMENT_WORKS_WALPOLE,11,664,1955.2570133333334,10390118.525791073
ANGLIAN_WATER_SERVICES_LTD_FLAG_FEN_SEWAGE_TREATMENT_WORKS_WALPOLE,12,729,5086.146568888889,5577203.779879896
ANGLIAN_WATER_SERVICES_LTD_FLAG_FEN_SEWAGE_TREATMENT_WORKS_WALPOLE,13,690,2357.0395744444445,8426532.307537604
ANGLIAN_WATER_SERVICES_LTD_FLAG_FEN_SEWAGE_TREATMENT_WORKS_WALPOLE,14,662,1487.3401166666667,4702551.5013661925
ANGLIAN_WATER_SERVICES_LTD_FLAG_FEN_SEWAGE_TREATMENT_WORKS_WALPOLE,15,515,3736.213217777778,16907190.405773822
ANGLIAN_WATER_SERVICES_LTD_FLAG_FEN_SEWAGE_TREATMENT_WORKS_WALPOLE,16,442,1633.1537655555555,6277909.84673023
ANGLIAN_WATER_SERVICES_LTD_FLAG_FEN_SEWAGE_TREATMENT_WORKS_WALPOLE,17,259,910.4759522222222,3824860.067114058
ANGLIAN_WATER_SERVICES_LTD_FLAG_FEN_SEWAGE_TREATMENT_WORKS_WALPOLE,18,154,561.8021788888889,3080002.4191382
ANGLIAN_WATER_SERVICES_LTD_FLAG_FEN_SEWAGE_TREATMENT_WORKS_WALPOLE,19,77,510.32522222222224,2418913.190102185
ANGLIAN_WATER_SERVICES_LTD_FLAG_FEN_SEWAGE_TREATMENT_WORKS_WALPOLE,20,45,659.6396011111111,1522728.0034553055
ANGLIAN_WATER_SERVICES_LTD_FLAG_FEN_SEWAGE_TREATMENT_WORKS_WALPOLE,21,48,579.9422222222222,2321701.3112866124
ANGLIAN_WATER_SERVICES_LTD_FLAG_FEN_SEWAGE_TREATMENT_WORKS_WALPOLE,22,50,508.4144444444444,4119715.791276296
ANGLIAN_WATER_SERVICES_LTD_FLAG_FEN_SEWAGE_TREATMENT_WORKS_WALPOLE,23,47,520.6322222222223,2180044.1048076726
ANGLIAN_WATER_SERVICES_LTD_HEIGHAM_WATER_TREATMENT_WORKS_NORWICH_MAIN,0,3,31.349722222222223,22088.487515597873
ANGLIAN_WATER_SERVICES_LTD_HEIGHAM_WATER_TREATMENT_WORKS_NORWICH_MAIN,9,3,11.255833333333332,14882.644431830513
ANGLIAN_WATER_SERVICES_LTD_HEIGHAM_WATER_TREATMENT_WORKS_NORWICH_MAIN,10,7,405.9241666666667,221912.9535567898
ANGLIAN_WATER_SERVICES_LTD_HEIGHAM_WATER_TREATMENT_WORKS_NORWICH_MAIN,11,2,2.236666666666667,2489.441377995809
ANGLIAN_WATER_SERVICES_LTD_HEIGHAM_WATER_TREATMENT_WORKS_NORWICH_MAIN,12,1,0.09361111111111112,68.75
ANGLIAN_WATER_SERVICES_LTD_HEIGHAM_WATER_TREATMENT_WORKS_NORWICH_MAIN,14,9,76.78055555555555,43529.254556982254
ANGLIAN_WATER_SERVICES_LTD_HEIGHAM_WATER_TREATMENT_WORKS_NORWICH_MAIN,15,3,54.12041388888889,28643.083333333332
ANGLIAN_WATER_SERVICES_LTD_HEIGHAM_WATER_TREATMENT_WORKS_NORWICH_MAIN,16,1,0.5116666666666667,450.0
ANGLIAN_WATER_SERVICES_LTD_HEIGHAM_WATER_TREATMENT_WORKS_NORWICH_MAIN,19,2,40.695,25097.86111111111
ANGLIAN_WATER_SERVICES_LTD_HEIGHAM_WATER_TREATMENT_WORKS_NORWICH_MAIN,20,2,2.7977777777777777,1572.638888888889
ANGLIAN_WATER_SERVICES_LTD_HEIGHAM_WATER_TREATMENT_WORKS_NORWICH_MAIN,22,1,8.4725,7545.5
ANGLIAN_WATER_SERVICES_LTD_WHITLINGHAM_SEWAGE_WORKS_NORWICH_MAIN,9,7,0.37833333333333335,661.1666482204861
ANGLIAN_WATER_SERVICES_LTD_WHITLINGHAM_SEWAGE_WORKS_NORWICH_MAIN,10,17,2.3375,6472.663038465712
ANGLIAN_WATER_SERVICES_LTD_WHITLINGHAM_SEWAGE_WORKS_NORWICH_MAIN,11,20,2.6847222222222222,12136.815126953124
ANGLIAN_WATER_SERVICES_LTD_WHITLINGHAM_SEWAGE_WORKS_NORWICH_MAIN,12,27,5.181111111111111,44733.26273708767
ANGLIAN_WATER_SERVICES_LTD_WHITLINGHAM_SEWAGE_WORKS_NORWICH_MAIN,13,17,1.851388888888889,9630.234041069878
ANGLIAN_WATER_SERVICES_LTD_WHITLINGHAM_SEWAGE_WORKS_NORWICH_MAIN,14,22,6.242945277777778,39783.77421576606
ANGLIAN_WATER_SERVICES_LTD_WHITLINGHAM_SEWAGE_WORKS_NORWICH_MAIN,15,22,2.3469444444444445,9077.903934190539
ANGLIAN_WATER_SERVICES_LTD_WHITLINGHAM_SEWAGE_WORKS_NORWICH_MAIN,16,5,0.4255555555555556,529.3876917860243
ANGLIAN_WATER_SEWAGE_TREATMENT_WORKS_PHS_II_BRAMFORD,0,1,8.968055555555555,20362.18643907335
ANGLIAN_WATER_SEWAGE_TREATMENT_WORKS_PHS_II_BRAMFORD,3,1,1.6527777777777777,3428.493606567383
ANGLIAN_WATER_SEWAGE_TREATMENT_WORKS_PHS_II_BRAMFORD,6,5,4.062777777777778,7887.841737692091
ANGLIAN_WATER_SEWAGE_TREATMENT_WORKS_PHS_II_BRAMFORD,7,3,0.3322222222222222,472.50469367133246
ANGLIAN_WATER_SEWAGE_TREATMENT_WORKS_PHS_II_BRAMFORD,8,4,3.4411111111111112,7403.39818564521
ANGLIAN_WATER_SEWAGE_TREATMENT_WORKS_PHS_II_BRAMFORD,9,10,15.08,34218.991252950036
ANGLIAN_WATER_SEWAGE_TREATMENT_WORKS_PHS_II_BRAMFORD,10,35,65.05654444444444,152736.58565278794
ANGLIAN_WATER_SEWAGE_TREATMENT_WORKS_PHS_II_BRAMFORD,11,28,39.42512277777778,89389.8682294888
ANGLIAN_WATER_SEWAGE_TREATMENT_WORKS_PHS_II_BRAMFORD,12,15,8.933598333333332,18089.645635240344
ANGLIAN_WATER_SEWAGE_TREATMENT_WORKS_PHS_II_BRAMFORD,13,10,2.4751716666666668,4567.869817610449
ANGLIAN_WATER_SEWAGE_TREATMENT_WORKS_PHS_II_BRAMFORD,14,11,9.426410833333334,20677.993454827203
ANGLIAN_WATER_SEWAGE_TREATMENT_WORKS_PHS_II_BRAMFORD,15,12,2.647222222222222,3438.203360324436
ANGLIAN_WATER_SEWAGE_TREATMENT_WORKS_PHS_II_BRAMFORD,16,4,1.0691666666666666,1137.4332949490017
ANGLIAN_WATER_SEWAGE_TREATMENT_WORKS_PHS_II_BRAMFORD,17,3,1.2366666666666666,2383.016434970432
ANGLIAN_WATER_SEWAGE_TREATMENT_WORKS_PHS_II_BRAMFORD,18,1,0.6702777777777778,408.35947475857205
ANGLIAN_WATER_SEWAGE_TREATMENT_WORKS_PHS_II_BRAMFORD,19,2,3.453888888888889,7658.319337972005
ANGLIAN_WATER_SEWAGE_TREATMENT_WORKS_PHS_II_BRAMFORD,20,2,0.8963888888888888,626.5983958265516
ANGLIAN_WATER_SEWAGE_TREATMENT_WORKS_PHS_II_BRAMFORD,21,1,10.993333333333332,24523.535974799262
ANGLIAN_WATER_SEWAGE_TREATMENT_WORKS_PHS_II_BRAMFORD,22,1,0.5438888888888889,1047.4752419026693
ANGLIAN_WATER_SEWAGE_TREATMENT_WORKS_PHS_II_BRAMFORD,23,1,0.5122222222222222,1198.5787915886772
FORENERGY_LTD_RADICAL_FARM_SOLAR_PHS_2_BURWELL,0,1,0.5011111111111112,6135.8074483574765
FORENERGY_LTD_RADICAL_FARM_SOLAR_PHS_2_BURWELL,4,27,118.125,964069.3573809476
FORENERGY_LTD_RADICAL_FARM_SOLAR_PHS_2_BURWELL,7,1,16.64,4.020034722222222
FORENERGY_LTD_RADICAL_FARM_SOLAR_PHS_2_BURWELL,9,3,0.16083333333333333,239.44560438368057
FORENERGY_LTD_RADICAL_FARM_SOLAR_PHS_2_BURWELL,10,16,9.507857777777778,40107.79548709445
FORENERGY_LTD_RADICAL_FARM_SOLAR_PHS_2_BURWELL,11,53,16.963088333333335,96420.87257514105
FORENERGY_LTD_RADICAL_FARM_SOLAR_PHS_2_BURWELL,12,69,17.05388888888889,79344.29040235732
FORENERGY_LTD_RADICAL_FARM_SOLAR_PHS_2_BURWELL,13,76,31.611378333333334,59056.12111696031
FORENERGY_LTD_RADICAL_FARM_SOLAR_PHS_2_BURWELL,14,58,7.482355277777778,30141.892007141112
FORENERGY_LTD_RADICAL_FARM_SOLAR_PHS_2_BURWELL,15,13,6.212278055555555,11870.014317220051
FORENERGY_LTD_RADICAL_FARM_SOLAR_PHS_2_BURWELL,17,1,0.46138888888888885,3626.932534620497
FORENERGY_LTD_RADICAL_FARM_SOLAR_PHS_2_BURWELL,19,1,0.01,0.07772569444444444
FORENERGY_LTD_RADICAL_FARM_SOLAR_PHS_2_BURWELL,21,1,9.695833333333333,192771.3581519911
GEW2_LTD_ASHINGDON_CANEWDON_PV_ULVERSTON_ROCHFORD_RAYLEIGH,0,14,125.41694444444445,1234265.3161055502
GEW2_LTD_ASHINGDON_CANEWDON_PV_ULVERSTON_ROCHFORD_RAYLEIGH,1,9,1.843611111111111,9592.681032986111
GEW2_LTD_ASHINGDON_CANEWDON_PV_ULVERSTON_ROCHFORD_RAYLEIGH,2,4,21.765,45991.89368537055
GEW2_LTD_ASHINGDON_CANEWDON_PV_ULVERSTON_ROCHFORD_RAYLEIGH,3,6,0.8347222222222221,4260.471795518663
GEW2_LTD_ASHINGDON_CANEWDON_PV_ULVERSTON_ROCHFORD_RAYLEIGH,4,4,9.074444444444444,87379.47332967122
GEW2_LTD_ASHINGDON_CANEWDON_PV_ULVERSTON_ROCHFORD_RAYLEIGH,6,2,1.5677777777777777,14581.672697414822
GEW2_LTD_ASHINGDON_CANEWDON_PV_ULVERSTON_ROCHFORD_RAYLEIGH,7,1,13.036388888888888,10760.75
GEW2_LTD_ASHINGDON_CANEWDON_PV_ULVERSTON_ROCHFORD_RAYLEIGH,8,2,0.6863888888888888,5799.75
GEW2_LTD_ASHINGDON_CANEWDON_PV_ULVERSTON_ROCHFORD_RAYLEIGH,9,3,16.775,163620.0770114475
GEW2_LTD_ASHINGDON_CANEWDON_PV_ULVERSTON_ROCHFORD_RAYLEIGH,10,3,1.2702777777777778,10315.065745646158
GEW2_LTD_ASHINGDON_CANEWDON_PV_ULVERSTON_ROCHFORD_RAYLEIGH,11,5,1.6702777777777778,12119.978427259659
GEW2_LTD_ASHINGDON_CANEWDON_PV_ULVERSTON_ROCHFORD_RAYLEIGH,12,4,0.10861111111111112,406.32643527560765
GEW2_LTD_ASHINGDON_CANEWDON_PV_ULVERSTON_ROCHFORD_RAYLEIGH,13,2,0.5669444444444445,2757.3885779486764
GEW2_LTD_ASHINGDON_CANEWDON_PV_ULVERSTON_ROCHFORD_RAYLEIGH,14,3,1.761388888888889,9200.300674574111
GEW2_LTD_ASHINGDON_CANEWDON_PV_ULVERSTON_ROCHFORD_RAYLEIGH,15,1,0.16611111111111113,938.176974351671
GEW2_LTD_ASHINGDON_CANEWDON_PV_ULVERSTON_ROCHFORD_RAYLEIGH,16,2,3.1369444444444445,15310.555555555555
GEW2_LTD_ASHINGDON_CANEWDON_PV_ULVERSTON_ROCHFORD_RAYLEIGH,17,6,7.22,5568.458595852322
GEW2_LTD_ASHINGDON_CANEWDON_PV_ULVERSTON_ROCHFORD_RAYLEIGH,18,1,0.17194444444444446,875.565627983941
GEW2_LTD_ASHINGDON_CANEWDON_PV_ULVERSTON_ROCHFORD_RAYLEIGH,20,1,0.16555555555555557,935.3277007378473
GEW2_LTD_ASHINGDON_CANEWDON_PV_ULVERSTON_ROCHFORD_RAYLEIGH,21,6,1.0130555555555556,5438.478822631836
GEW2_LTD_ASHINGDON_CANEWDON_PV_ULVERSTON_ROCHFORD_RAYLEIGH,22,15,3.9611111111111112,29050.749687025283
GEW2_LTD_ASHINGDON_CANEWDON_PV_ULVERSTON_ROCHFORD_RAYLEIGH,23,14,2.7719444444444443,16841.82502834744
GRIDSERVE_BROADLAND_GATE_NORWICH_MAIN,0,2,13.195555555555556,36615.4869418674
GRIDSERVE_BROADLAND_GATE_NORWICH_MAIN,3,2,4.260555555555555,25298.47087402344
GRIDSERVE_BROADLAND_GATE_NORWICH_MAIN,4,2,14.311388888888889,80535.29822184244
GRIDSERVE_BROADLAND_GATE_NORWICH_MAIN,5,2,2.243611111111111,10301.187064819336
GRIDSERVE_BROADLAND_GATE_NORWICH_MAIN,6,2,10.19888888888889,27399.52657823351
GRIDSERVE_BROADLAND_GATE_NORWICH_MAIN,7,6,22.80333333333333,60364.54846143935
GRIDSERVE_BROADLAND_GATE_NORWICH_MAIN,8,6,16.691111111111113,97359.54594136556
GRIDSERVE_BROADLAND_GATE_NORWICH_MAIN,9,10,3.900925,17842.160358326433
GRIDSERVE_BROADLAND_GATE_NORWICH_MAIN,10,11,17.549260277777776,87829.69888376872
GRIDSERVE_BROADLAND_GATE_NORWICH_MAIN,11,15,22.359444444444446,84552.100034807
GRIDSERVE_BROADLAND_GATE_NORWICH_MAIN,12,8,15.101319722222222,54113.6641813151
GRIDSERVE_BROADLAND_GATE_NORWICH_MAIN,13,12,5.987831388888889,24303.210359836154
GRIDSERVE_BROADLAND_GATE_NORWICH_MAIN,14,10,14.566937222222222,34292.16039052328
GRIDSERVE_BROADLAND_GATE_NORWICH_MAIN,15,4,19.639166666666664,113773.72329915364
GRIDSERVE_BROADLAND_GATE_NORWICH_MAIN,16,9,9.038888888888888,44557.8510039605
GRIDSERVE_BROADLAND_GATE_NORWICH_MAIN,17,3,34.52341527777778,200568.88295753903
GRIDSERVE_BROADLAND_GATE_NORWICH_MAIN,18,2,0.12161111111111111,437.0267462836371
GRIDSERVE_BROADLAND_GATE_NORWICH_MAIN,19,1,0.5230555555555555,3061.623087565104
GRIDSERVE_BROADLAND_GATE_NORWICH_MAIN,20,3,7.379722222222222,43107.86795247396
GRIDSERVE_BROADLAND_GATE_NORWICH_MAIN,21,3,14.020555555555557,74996.72859503853
GRIDSERVE_BROADLAND_GATE_NORWICH_MAIN,22,4,8.172777777777778,46833.642020874024
LIGHTSOURCE_RENEWABLE_ENERGY_LTD_FDG_B_29_LAND_SOUTH_OF_BRICK_KILN_LANE_NORWICH_MAIN,0,16,386.6769444444445,1449899.9189207628
LIGHTSOURCE_RENEWABLE_ENERGY_LTD_FDG_B_29_LAND_SOUTH_OF_BRICK_KILN_LANE_NORWICH_MAIN,8,1,0.28027777777777774,1006.25
LIGHTSOURCE_RENEWABLE_ENERGY_LTD_FDG_B_29_LAND_SOUTH_OF_BRICK_KILN_LANE_NORWICH_MAIN,9,10,8.233333333333334,21213.39793270535
LIGHTSOURCE_RENEWABLE_ENERGY_LTD_FDG_B_29_LAND_SOUTH_OF_BRICK_KILN_LANE_NORWICH_MAIN,10,11,46.17527777777778,164124.43461975097
LIGHTSOURCE_RENEWABLE_ENERGY_LTD_FDG_B_29_LAND_SOUTH_OF_BRICK_KILN_LANE_NORWICH_MAIN,11,15,13.55888888888889,38321.411020587286
LIGHTSOURCE_RENEWABLE_ENERGY_LTD_FDG_B_29_LAND_SOUTH_OF_BRICK_KILN_LANE_NORWICH_MAIN,12,14,9.75388888888889,28957.301020270454
LIGHTSOURCE_RENEWABLE_ENERGY_LTD_FDG_B_29_LAND_SOUTH_OF_BRICK_KILN_LANE_NORWICH_MAIN,13,9,5.896111111111112,19429.58470336914
LIGHTSOURCE_RENEWABLE_ENERGY_LTD_FDG_B_29_LAND_SOUTH_OF_BRICK_KILN_LANE_NORWICH_MAIN,14,7,8.205277777777777,24812.853491363527
LIGHTSOURCE_RENEWABLE_ENERGY_LTD_FDG_B_29_LAND_SOUTH_OF_BRICK_KILN_LANE_NORWICH_MAIN,15,12,49.53,180891.49700191923
LIGHTSOURCE_RENEWABLE_ENERGY_LTD_FDG_B_29_LAND_SOUTH_OF_BRICK_KILN_LANE_NORWICH_MAIN,16,4,4.9775,16788.464186265734
LIGHTSOURCE_RENEWABLE_ENERGY_LTD_FDG_B_29_LAND_SOUTH_OF_BRICK_KILN_LANE_NORWICH_MAIN,17,3,21.866944444444446,81493.29000040691
LIGHTSOURCE_RENEWABLE_ENERGY_LTD_FDG_B_29_LAND_SOUTH_OF_BRICK_KILN_LANE_NORWICH_MAIN,19,1,2.588888888888889,9400.0
LIGHTSOURCE_RENEWABLE_ENERGY_LTD_FDG_B_29_LAND_SOUTH_OF_BRICK_KILN_LANE_NORWICH_MAIN,20,2,13.17,47777.49792602539
LIGHTSOURCE_RENEWABLE_ENERGY_LTD_FDG_B_29_LAND_SOUTH_OF_BRICK_KILN_LANE_NORWICH_MAIN,23,2,15.920833333333333,58840.64860419379
LOW_CARBON_ANM_PEMBERTON_SOLAR_FARM_RAYLEIGH,0,8,170.50153722222223,1730487.1930521647
LOW_CARBON_ANM_PEMBERTON_SOLAR_FARM_RAYLEIGH,1,1,7.837563333333333,156744.44444444444
LOW_CARBON_ANM_PEMBERTON_SOLAR_FARM_RAYLEIGH,3,4,4.878959444444445,92731.3995985243
LOW_CARBON_ANM_PEMBERTON_SOLAR_FARM_RAYLEIGH,7,5,27.63888888888889,278094.7417053901
LOW_CARBON_ANM_PEMBERTON_SOLAR_FARM_RAYLEIGH,8,29,73.17361111111111,665039.9005668132
LOW_CARBON_ANM_PEMBERTON_SOLAR_FARM_RAYLEIGH,9,158,205.6561111111111,945282.091807234
LOW_CARBON_ANM_PEMBERTON_SOLAR_FARM_RAYLEIGH,10,170,108.88867611111111,405065.0955611165
LOW_CARBON_ANM_PEMBERTON_SOLAR_FARM_RAYLEIGH,11,169,84.54583333333333,393294.75893003674
LOW_CARBON_ANM_PEMBERTON_SOLAR_FARM_RAYLEIGH,12,157,74.99055555555556,351656.77602098254
LOW_CARBON_ANM_PEMBERTON_SOLAR_FARM_RAYLEIGH,13,145,113.77392527777778,497746.1084708659
LOW_CARBON_ANM_PEMBERTON_SOLAR_FARM_RAYLEIGH,14,133,344.8663888888889,3165258.1561305067
LOW_CARBON_ANM_PEMBERTON_SOLAR_FARM_RAYLEIGH,15,131,38.93388888888889,190471.4765633816
LOW_CARBON_ANM_PEMBERTON_SOLAR_FARM_RAYLEIGH,16,106,20.21388888888889,104272.9476300727
LOW_CARBON_ANM_PEMBERTON_SOLAR_FARM_RAYLEIGH,17,34,27.113333333333333,448103.05739474826
LOW_CARBON_ANM_PEMBERTON_SOLAR_FARM_RAYLEIGH,18,6,1.7472222222222222,22505.503240627713
LOW_CARBON_ANM_PEMBERTON_SOLAR_FARM_RAYLEIGH,19,3,10.660277777777777,44576.45863798354
LOW_CARBON_ANM_PEMBERTON_SOLAR_FARM_RAYLEIGH,20,1,0.11638888888888889,0.004704861111111111
LOW_CARBON_ANM_PEMBERTON_SOLAR_FARM_RAYLEIGH,22,1,10.179210555555555,203577.77777777778
LOW_CARBON_ANM_PEMBERTON_SOLAR_FARM_RAYLEIGH,23,1,9.102135277777778,182033.3333333333
PATHFINDER_CLEAN_ENERGY_PACE_LAND_WEST_OF_SPIXWORTH_ROAD_NORWICH_MAIN,4,2,11.086388888888889,115829.4291381836
PATHFINDER_CLEAN_ENERGY_PACE_LAND_WEST_OF_SPIXWORTH_ROAD_NORWICH_MAIN,5,1,2.17,32520.833333333336
PATHFINDER_CLEAN_ENERGY_PACE_LAND_WEST_OF_SPIXWORTH_ROAD_NORWICH_MAIN,7,1,0.22611111111111112,1552.7468033684625
PATHFINDER_CLEAN_ENERGY_PACE_LAND_WEST_OF_SPIXWORTH_ROAD_NORWICH_MAIN,8,3,1.625,15518.699865383573
PATHFINDER_CLEAN_ENERGY_PACE_LAND_WEST_OF_SPIXWORTH_ROAD_NORWICH_MAIN,9,12,11.728333333333333,89744.03417934841
PATHFINDER_CLEAN_ENERGY_PACE_LAND_WEST_OF_SPIXWORTH_ROAD_NORWICH_MAIN,10,10,5.173055555555556,26284.632260708277
PATHFINDER_CLEAN_ENERGY_PACE_LAND_WEST_OF_SPIXWORTH_ROAD_NORWICH_MAIN,11,6,8.37638888888889,23905.47984286838
PATHFINDER_CLEAN_ENERGY_PACE_LAND_WEST_OF_SPIXWORTH_ROAD_NORWICH_MAIN,12,5,80.08527777777778,1116077.2115501913
PATHFINDER_CLEAN_ENERGY_PACE_LAND_WEST_OF_SPIXWORTH_ROAD_NORWICH_MAIN,13,8,1.1772222222222224,11681.097497117784
PATHFINDER_CLEAN_ENERGY_PACE_LAND_WEST_OF_SPIXWORTH_ROAD_NORWICH_MAIN,14,6,2.1847222222222222,18552.003956197103
PATHFINDER_CLEAN_ENERGY_PACE_LAND_WEST_OF_SPIXWORTH_ROAD_NORWICH_MAIN,15,6,5.4591666666666665,59542.65932230632
PATHFINDER_CLEAN_ENERGY_PACE_LAND_WEST_OF_SPIXWORTH_ROAD_NORWICH_MAIN,16,1,0.6541666666666667,9670.833333333332
PATHFINDER_CLEAN_ENERGY_PACE_LAND_WEST_OF_SPIXWORTH_ROAD_NORWICH_MAIN,17,4,8.915277777777778,73787.99079905191
PATHFINDER_CLEAN_ENERGY_PACE_LAND_WEST_OF_SPIXWORTH_ROAD_NORWICH_MAIN,18,1,0.4988888888888889,7062.5
PATHFINDER_CLEAN_ENERGY_PACE_LAND_WEST_OF_SPIXWORTH_ROAD_NORWICH_MAIN,20,2,1.8633333333333333,22278.11545766195
PETERS_ENERGY_STORAGE_FACILITY_ANM_WALNUT_ROAD_WALPOLE,1,1,5.873333333333333,79570.85588372125
PETERS_ENERGY_STORAGE_FACILITY_ANM_WALNUT_ROAD_WALPOLE,2,1,16.653333333333332,233816.55058213975
PETERS_ENERGY_STORAGE_FACILITY_ANM_WALNUT_ROAD_WALPOLE,8,1,0.7677777777777778,10462.072173665365
PETERS_ENERGY_STORAGE_FACILITY_ANM_WALNUT_ROAD_WALPOLE,9,6,17.712222222222223,228734.08584323458
PETERS_ENERGY_STORAGE_FACILITY_ANM_WALNUT_ROAD_WALPOLE,10,8,10.552222222222223,89023.36168545194
PETERS_ENERGY_STORAGE_FACILITY_ANM_WALNUT_ROAD_WALPOLE,11,8,7.256958888888889,50732.29083048503
PETERS_ENERGY_STORAGE_FACILITY_ANM_WALNUT_ROAD_WALPOLE,12,11,9.41,67833.60573350695
PETERS_ENERGY_STORAGE_FACILITY_ANM_WALNUT_ROAD_WALPOLE,13,14,2983.002068888889,860232.9044706536
PETERS_ENERGY_STORAGE_FACILITY_ANM_WALNUT_ROAD_WALPOLE,14,9,14.017777777777777,113692.5092605771
PETERS_ENERGY_STORAGE_FACILITY_ANM_WALNUT_ROAD_WALPOLE,15,9,6.640000000000001,53640.2265677113
PETERS_ENERGY_STORAGE_FACILITY_ANM_WALNUT_ROAD_WALPOLE,16,3,16.196666666666665,230279.10533220076
RENEWABLE_CONNECTIONS_DEVELOPMENTS_LTD_ANM_GREEN_END_BURWELL_MAIN_GRID_132KV,0,4,48.79152972222222,1010715.0202164375
RENEWABLE_CONNECTIONS_DEVELOPMENTS_LTD_ANM_GREEN_END_BURWELL_MAIN_GRID_132KV,8,1,6.2725,169919.49041205514
RENEWABLE_CONNECTIONS_DEVELOPMENTS_LTD_ANM_GREEN_END_BURWELL_MAIN_GRID_132KV,9,3,9.060833333333333,126671.3372132704
RENEWABLE_CONNECTIONS_DEVELOPMENTS_LTD_ANM_GREEN_END_BURWELL_MAIN_GRID_132KV,10,21,24.50058277777778,488046.79758508474
RENEWABLE_CONNECTIONS_DEVELOPMENTS_LTD_ANM_GREEN_END_BURWELL_MAIN_GRID_132KV,11,46,58.2625,925198.248634527
RENEWABLE_CONNECTIONS_DEVELOPMENTS_LTD_ANM_GREEN_END_BURWELL_MAIN_GRID_132KV,12,44,42.870555555555555,618960.6788518163
RENEWABLE_CONNECTIONS_DEVELOPMENTS_LTD_ANM_GREEN_END_BURWELL_MAIN_GRID_132KV,13,37,25.98260388888889,346867.2547631306
RENEWABLE_CONNECTIONS_DEVELOPMENTS_LTD_ANM_GREEN_END_BURWELL_MAIN_GRID_132KV,14,27,31.41888888888889,371707.49522413465
RENEWABLE_CONNECTIONS_DEVELOPMENTS_LTD_ANM_GREEN_END_BURWELL_MAIN_GRID_132KV,15,4,1.6216666666666666,18432.554237738717
RENEWABLE_CONNECTIONS_DEVELOPMENTS_LTD_ANM_GREEN_END_BURWELL_MAIN_GRID_132KV,16,1,0.5522222222222223,8914.699867655436
RENEWABLE_CONNECTIONS_DEVELOPMENTS_LTD_ANM_GREEN_END_BURWELL_MAIN_GRID_132KV,17,2,12.33361111111111,361374.8055555556
SOLARCENTURY_HOLDINGS_LIMITED_FDG_B_12_LAND_NEAR_PERCH_LAKE_NORWICH_MAIN,0,18,679.0959558333334,4047261.664162462
SOLARCENTURY_HOLDINGS_LIMITED_FDG_B_12_LAND_NEAR_PERCH_LAKE_NORWICH_MAIN,1,8,53.55527777777778,200364.63908433705
SOLARCENTURY_HOLDINGS_LIMITED_FDG_B_12_LAND_NEAR_PERCH_LAKE_NORWICH_MAIN,2,9,36.86291,131948.42677412246
SOLARCENTURY_HOLDINGS_LIMITED_FDG_B_12_LAND_NEAR_PERCH_LAKE_NORWICH_MAIN,3,7,5.764444444444445,16119.982269015842
SOLARCENTURY_HOLDINGS_LIMITED_FDG_B_12_LAND_NEAR_PERCH_LAKE_NORWICH_MAIN,4,3,6.43,9139.155937228734
SOLARCENTURY_HOLDINGS_LIMITED_FDG_B_12_LAND_NEAR_PERCH_LAKE_NORWICH_MAIN,5,6,2.2972222222222225,4678.7018276638455
SOLARCENTURY_HOLDINGS_LIMITED_FDG_B_12_LAND_NEAR_PERCH_LAKE_NORWICH_MAIN,6,9,8.523055555555555,28311.82902926975
SOLARCENTURY_HOLDINGS_LIMITED_FDG_B_12_LAND_NEAR_PERCH_LAKE_NORWICH_MAIN,7,9,6.6997222222222215,21422.014830729164
SOLARCENTURY_HOLDINGS_LIMITED_FDG_B_12_LAND_NEAR_PERCH_LAKE_NORWICH_MAIN,8,3,8.79,1698.2641696166993
SOLARCENTURY_HOLDINGS_LIMITED_FDG_B_12_LAND_NEAR_PERCH_LAKE_NORWICH_MAIN,9,13,12.328333333333333,28068.624568956162
SOLARCENTURY_HOLDINGS_LIMITED_FDG_B_12_LAND_NEAR_PERCH_LAKE_NORWICH_MAIN,10,14,16.881666666666668,59439.28875276353
SOLARCENTURY_HOLDINGS_LIMITED_FDG_B_12_LAND_NEAR_PERCH_LAKE_NORWICH_MAIN,11,23,18.184166666666666,61366.0223495653
SOLARCENTURY_HOLDINGS_LIMITED_FDG_B_12_LAND_NEAR_PERCH_LAKE_NORWICH_MAIN,12,19,63.05916666666667,230832.76720935394
SOLARCENTURY_HOLDINGS_LIMITED_FDG_B_12_LAND_NEAR_PERCH_LAKE_NORWICH_MAIN,13,28,35.76861111111111,128345.44552359688
SOLARCENTURY_HOLDINGS_LIMITED_FDG_B_12_LAND_NEAR_PERCH_LAKE_NORWICH_MAIN,14,23,56.635,211303.08773208194
SOLARCENTURY_HOLDINGS_LIMITED_FDG_B_12_LAND_NEAR_PERCH_LAKE_NORWICH_MAIN,15,18,35.99481388888889,124260.65831574757
SOLARCENTURY_HOLDINGS_LIMITED_FDG_B_12_LAND_NEAR_PERCH_LAKE_NORWICH_MAIN,16,8,38.0475,148018.5231233724
SOLARCENTURY_HOLDINGS_LIMITED_FDG_B_12_LAND_NEAR_PERCH_LAKE_NORWICH_MAIN,17,10,92.96388888888889,346351.7187320964
SOLARCENTURY_HOLDINGS_LIMITED_FDG_B_12_LAND_NEAR_PERCH_LAKE_NORWICH_MAIN,18,7,27.18638888888889,90854.05130466037
SOLARCENTURY_HOLDINGS_LIMITED_FDG_B_12_LAND_NEAR_PERCH_LAKE_NORWICH_MAIN,19,2,0.6155555555555555,1628.1892621527777
SOLARCENTURY_HOLDINGS_LIMITED_FDG_B_12_LAND_NEAR_PERCH_LAKE_NORWICH_MAIN,20,9,29.99,108293.59372287327
SOLARCENTURY_HOLDINGS_LIMITED_FDG_B_12_LAND_NEAR_PERCH_LAKE_NORWICH_MAIN,21,14,98.84916666666666,374470.051071913
SOLARCENTURY_HOLDINGS_LIMITED_FDG_B_12_LAND_NEAR_PERCH_LAKE_NORWICH_MAIN,22,5,50.66083333333333,192924.64656019423
SOLARCENTURY_HOLDINGS_LIMITED_FDG_B_12_LAND_NEAR_PERCH_LAKE_NORWICH_MAIN,23,7,17.51,62097.470360378684
TNEI_GROUP_ANM_BRACON_ASH_NORWICH_MAIN,3,1,4.2175,97145.52820346408
TNEI_GROUP_ANM_BRACON_ASH_NORWICH_MAIN,6,2,9.566944444444445,227378.15268961588
TNEI_GROUP_ANM_BRACON_ASH_NORWICH_MAIN,7,1,1.7625,29567.254578789605
TNEI_GROUP_ANM_BRACON_ASH_NORWICH_MAIN,9,6,4.053333333333334,75249.74792505901
TNEI_GROUP_ANM_BRACON_ASH_NORWICH_MAIN,10,6,2.4469444444444446,46702.64550964355
TNEI_GROUP_ANM_BRACON_ASH_NORWICH_MAIN,11,7,15.528055555555556,70022.82111709594
TNEI_GROUP_ANM_BRACON_ASH_NORWICH_MAIN,12,5,32.414722222222224,751721.4206165059
TNEI_GROUP_ANM_BRACON_ASH_NORWICH_MAIN,13,11,9.414444444444445,167553.4270007494
TNEI_GROUP_ANM_BRACON_ASH_NORWICH_MAIN,14,5,2.709722222222222,40827.252110714384
TNEI_GROUP_ANM_BRACON_ASH_NORWICH_MAIN,15,5,9.955555555555556,217471.3805213038
TNEI_GROUP_ANM_BRACON_ASH_NORWICH_MAIN,16,1,1.353888888888889,28360.011477355954
TNEI_GROUP_ANM_BRACON_ASH_NORWICH_MAIN,17,2,1.3347636111111112,27995.606014268662
TNEI_GROUP_ANM_BRACON_ASH_NORWICH_MAIN,19,1,15.671666666666667,390224.5
TNEI_GROUP_ANM_BRACON_ASH_NORWICH_MAIN,21,1,14.0425,349340.0833333334
TUPA_SOLAR_1_LIMITED_RICHBOROUGH_ENERGY_PARK_SELLINDGE_SGT2_3_RICHBOROUGH_SGT,0,3,182.21539,3810808.9407584635
TUPA_SOLAR_1_LIMITED_RICHBOROUGH_ENERGY_PARK_SELLINDGE_SGT2_3_RICHBOROUGH_SGT,1,2,6.54,55513.66424872505
TUPA_SOLAR_1_LIMITED_RICHBOROUGH_ENERGY_PARK_SELLINDGE_SGT2_3_RICHBOROUGH_SGT,3,2,441.95,75744.93894592286
TUPA_SOLAR_1_LIMITED_RICHBOROUGH_ENERGY_PARK_SELLINDGE_SGT2_3_RICHBOROUGH_SGT,7,2,464.7544444444444,109678.9653773329
TUPA_SOLAR_1_LIMITED_RICHBOROUGH_ENERGY_PARK_SELLINDGE_SGT2_3_RICHBOROUGH_SGT,8,3,1853.47,269293.3470967611
TUPA_SOLAR_1_LIMITED_RICHBOROUGH_ENERGY_PARK_SELLINDGE_SGT2_3_RICHBOROUGH_SGT,9,2,156.47666666666666,3275348.7119876435
TUPA_SOLAR_1_LIMITED_RICHBOROUGH_ENERGY_PARK_SELLINDGE_SGT2_3_RICHBOROUGH_SGT,10,7,4230.49932,1446063.0856514485
TUPA_SOLAR_1_LIMITED_RICHBOROUGH_ENERGY_PARK_SELLINDGE_SGT2_3_RICHBOROUGH_SGT,11,6,419.3388888888889,2031592.4287609865
TUPA_SOLAR_1_LIMITED_RICHBOROUGH_ENERGY_PARK_SELLINDGE_SGT2_3_RICHBOROUGH_SGT,12,2,2601.4822222222224,183778.78936638727
TUPA_SOLAR_1_LIMITED_RICHBOROUGH_ENERGY_PARK_SELLINDGE_SGT2_3_RICHBOROUGH_SGT,13,1,115.07888888888888,42989.87877665202
TUPA_SOLAR_1_LIMITED_RICHBOROUGH_ENERGY_PARK_SELLINDGE_SGT2_3_RICHBOROUGH_SGT,14,3,685.8477777777778,202029.40347323133
TUPA_SOLAR_1_LIMITED_RICHBOROUGH_ENERGY_PARK_SELLINDGE_SGT2_3_RICHBOROUGH_SGT,15,3,606.3211111111111,3200720.2556959363
TUPA_SOLAR_1_LIMITED_RICHBOROUGH_ENERGY_PARK_SELLINDGE_SGT2_3_RICHBOROUGH_SGT,16,1,3.1733333333333333,18518.4881777615
TUPA_SOLAR_1_LIMITED_RICHBOROUGH_ENERGY_PARK_SELLINDGE_SGT2_3_RICHBOROUGH_SGT,17,1,1.718888888888889,18369.372543267145
TUPA_SOLAR_1_LIMITED_RICHBOROUGH_ENERGY_PARK_SELLINDGE_SGT2_3_RICHBOROUGH_SGT,18,1,2.9755555555555557,20427.73151292589
TUPA_SOLAR_1_LIMITED_RICHBOROUGH_ENERGY_PARK_SELLINDGE_SGT2_3_RICHBOROUGH_SGT,19,2,3.9611111111111112,41845.127860921224
TUPA_SOLAR_1_LIMITED_RICHBOROUGH_ENERGY_PARK_SELLINDGE_SGT2_3_RICHBOROUGH_SGT,20,2,1112.6266666666668,72974.29096489801
TUPA_SOLAR_1_LIMITED_RICHBOROUGH_ENERGY_PARK_SELLINDGE_SGT2_3_RICHBOROUGH_SGT,22,1,46.309036666666664,974778.7222222222
TUPA_SOLAR_1_LIMITED_RICHBOROUGH_ENERGY_PARK_SELLINDGE_SGT2_3_RICHBOROUGH_SGT,23,1,1.8855555555555554,17373.20618794759
